Сергей,230721556, /dt
Сергей,230721556, /dt
Сергей,230721556, /dt
Сергей,230721556, /help
Сергей,230721556, /help
Сергей,230721556, /hi
Сергей,230721556, /dt
Сергей,230721556, /echo
Сергей,230721556, /echo
Сергей,230721556, /hi
Сергей,230721556, /echo как дела
Сергей,230721556, /echo ghu hgf
Сергей,230721556, /echo ggfg hhyu
Сергей,230721556, /echo ggfg hhyu
Сергей,230721556, /echo ggfg hhyu
Сергей,230721556, /echo Как дела ))))?
Сергей,230721556, /dt
Сергей,230721556, /dt
Сергей,230721556, /dt
Сергей,230721556, /dt
Сергей,230721556, /dt
Сергей,230721556, /dt
Сергей,230721556, /dt
Сергей,230721556, /dt
Сергей,230721556, /dt
Сергей,230721556, /dt
Сергей,230721556, /dt
Сергей,230721556, /dt
Сергей,230721556, /dt
Сергей,230721556, /help
Сергей,230721556, /tem
Сергей,230721556, /tem
Сергей,230721556, /tem
Сергей,230721556, /tem
Сергей,230721556, /tem
Сергей,230721556, /tem
Сергей,230721556, /tem
Сергей,230721556, /hi
Сергей,230721556, /echo Привет, как дела твои
Сергей,230721556, /dt
Сергей,230721556, /tem
Сергей,230721556, /help
Сергей,230721556, /dt
Сергей,230721556, /dt
Сергей,230721556, /dt
Сергей,230721556, /dt
Сергей,230721556, /dt
Валерия,695939931, /help
Валерия,695939931, /dt
Валерия,695939931, /hi
Валерия,695939931, /echo
Валерия,695939931, /tem
Валерия,695939931, /echo
Валерия,695939931, /echo лол
Сергей,230721556, /echo
Сергей,230721556, /echo
Сергей,230721556, /echo
Сергей,230721556, /echo
Сергей,230721556, /echo привет
Сергей,230721556, /echo
Сергей,230721556, /echo
Сергей,230721556, /echo
Сергей,230721556, /echo привет
Сергей,230721556, /echo
Сергей,230721556, /echo
Сергей,230721556, /echo
Валерия,695939931, /echo
Сергей,230721556, /echo
Валерия,695939931, /echo угу
Сергей,230721556, /echo
Сергей,230721556, /echo
Сергей,230721556, /echo
Сергей,230721556, /echo
mama,813107324, /dt
mama,813107324, /hi
mama,813107324, /echo
mama,813107324, /tem
mama,813107324, /help
mama,813107324, /echo
mama,813107324, /echo
Сергей,230721556, /hi
Сергей,230721556, /echo
Сергей,230721556, /dt
Сергей,230721556, /tem
Сергей,230721556, /help
Сергей,230721556, /call (3+2)*5
Сергей,230721556, /call
Сергей,230721556, /call
Сергей,230721556, /call (3+2)*5
Сергей,230721556, /call (3+2)*5
Сергей,230721556, /call (3+2)*5
Сергей,230721556, /call
Сергей,230721556, /hi
Сергей,230721556, /echo
Сергей,230721556, /dt
Сергей,230721556, /tem
Сергей,230721556, /help
Сергей,230721556, /call
Сергей,230721556, /help
Сергей,230721556, /new
Сергей,230721556, /text
Сергей,230721556, /text
Сергей,230721556, /text
Сергей,230721556, /text
Сергей,230721556, /text
Сергей,230721556, /text
Сергей,230721556, /text
Сергей,230721556, /text
Сергей,230721556, /text
Валерия,695939931, /help
Валерия,695939931, /hi
Валерия,695939931, /echo
Валерия,695939931, /new
Валерия,695939931, /text
Валерия,695939931, /call
Валерия,695939931, /call(7:3)/2
Валерия,695939931, /call (7/3)*2
Валерия,695939931, /call
Валерия,695939931, /call 0/0
Валерия,695939931, /call 0/0
Валерия,695939931, /echo
Валерия,695939931, /hi
Сергей,230721556, /echo
Сергей,230721556, /hi
Сергей,230721556, /dt
Сергей,230721556, /tem
Валерия,695939931, /echo Я тебя люблю
Сергей,230721556, /call
Сергей,230721556, /call 12345679*9
Сергей,230721556, /call
Сергей,230721556, /call 0/0
Сергей,230721556, /call 0/0
Сергей,230721556, /call 0/0
Сергей,230721556, /call 10/0
Сергей,230721556, /call 0/0
Сергей,230721556, /call 0/0
Валерия,695939931, /call
Валерия,695939931, /call 0/0
Сергей,230721556, /hi
Сергей,230721556, /echo
Сергей,230721556, /dt
Сергей,230721556, /tem
Nataliya,518196969, /tem
